53;10.70.0.26
6;10.6.0.26
8;10.145.0.26
16;10.114.105.26
17;10.114.99.26
18;10.114.100.26
19;10.114.101.26
20;10.200.0.26
21;10.130.0.26
22;10.114.48.26
23;10.114.85.26
24;10.83.0.26
26;10.114.80.26
27;10.114.149.26
30;10.77.0.26
31;10.34.0.26
36;10.73.0.26
38;10.133.0.26
40;10.114.150.26
43;10.199.0.26
45;10.193.0.26
46;10.47.0.26
47;10.132.0.26
49;10.114.45.26
51;10.114.90.26
60;10.114.84.26
61;10.114.107.26
63;10.143.0.26
68;10.13.0.26
72;10.75.0.26
73;10.74.0.26
76;10.76.0.26
82;10.19.0.26
84;10.71.0.26
93;10.17.0.26
98;10.114.104.26
101;10.93.0.26
102;10.96.0.26
103;10.90.0.26
104;10.170.0.26
105;10.95.0.26
106;10.218.0.26
107;10.92.0.26
108;10.108.0.26
109;11.109.0.26
110;11.110.0.26
112;10.114.44.26
113;10.114.83.26
114;10.114.86.26
115;10.114.97.26
116;10.114.103.26
130;10.114.3.26
131;10.114.1.26
132;10.114.5.26
133;10.114.7.26
134;10.114.9.26
135;10.114.11.26
136;10.114.13.26
137;10.114.17.26
138;10.114.15.26
139;10.114.147.26
201;10.101.0.26
202;10.38.0.26
203;10.100.0.26
204;10.104.0.26
205;10.102.0.26
206;10.114.43.26
207;10.114.51.26
208;10.114.74.26
209;10.114.133.26
210;10.103.0.26
211;10.52.0.26
212;10.84.0.26
251;10.105.0.26
252;10.141.0.26
253;10.114.127.26
254;10.114.126.26
255;10.114.143.26
256;10.114.46.26
301;10.215.0.26
302;10.30.0.26
303;10.33.0.26
304;10.144.0.26
305;10.87.0.26
306;10.114.73.26
307;10.114.82.26
308;10.114.102.26
309;10.114.129.26
310;10.114.130.26
321;10.151.0.26
322;10.49.0.26
323;11.23.0.26
324;10.114.53.26
325;10.114.92.26
326;10.114.91.26
328;10.114.110.26
339;10.114.152.26
340;11.40.0.26
341;11.41.0.26
342;11.42.0.26
343;10.114.50.26
344;11.44.0.26
345;10.114.49.26
346;10.114.54.26
347;10.114.89.26
348;10.114.94.26
349;10.114.95.26
350;10.111.0.26
351;10.80.0.26
352;10.79.0.26
353;10.114.26.26
354;10.125.0.26
355;10.60.0.26
356;10.114.64.26
357;10.112.0.26
358;10.59.0.26
359;10.32.0.26
361;10.61.0.26
362;10.114.122.26
364;10.148.0.26
365;10.114.93.26
366;10.114.98.26
367;10.114.109.26
368;10.114.119.26
380;10.35.0.26
381;10.114.38.26
382;10.114.47.26
383;10.114.108.26
384;10.114.128.26
385;10.114.116.26
386;10.114.117.26
387;10.114.118.26
390;10.23.0.26
391;10.98.0.26
393;10.114.144.26
394;10.114.145.26
401;10.171.0.26
402;10.28.0.26
403;10.172.0.26
404;10.29.0.26
405;10.252.0.26
406;10.173.0.26
407;10.174.0.26
408;10.175.0.26
409;10.176.0.26
410;10.31.0.26
411;10.37.0.26
412;10.36.0.26
413;10.192.0.26
414;10.177.0.26
415;10.25.0.26
416;10.22.0.26
417;10.178.0.26
418;10.26.0.26
419;10.27.0.26
420;10.179.0.26
421;10.152.0.26
423;10.180.0.26
424;10.181.0.26
425;10.182.0.26
426;10.183.0.26
427;10.184.0.26
428;10.185.0.26
429;10.186.0.26
431;10.188.0.26
432;10.190.0.26
433;10.89.0.26
434;10.114.142.26
435;10.142.0.26
436;11.36.0.26
437;11.37.0.27;a
438;11.38.0.26
439;10.240.0.26
440;10.114.137.26
442;10.114.135.26
443;10.123.0.26
446;10.119.1.26
448;10.114.136.26
449;10.114.79.26
451;10.114.72.26
452;10.114.71.26
453;10.114.66.26
454;10.114.69.26
455;10.114.70.26
456;10.114.67.26
457;10.114.68.26
458;10.114.78.26
460;10.114.63.26
470;10.114.81.26
472;10.114.55.26
473;10.114.59.26
474;10.114.76.26
475;10.115.0.26
477;10.114.138.26
479;10.107.0.26
480;10.114.75.26
482;10.114.134.26
485;10.114.77.26
494;10.118.0.26
497;10.124.0.26
498;10.114.139.26
499;10.114.96.26
503;10.216.0.26
510;10.8.0.26
514;10.134.0.26
515;10.201.0.26
516;10.203.0.26
526;10.114.41.26
528;10.18.0.26
544;10.20.0.26
549;10.114.141.26
550;10.81.0.26
551;10.160.0.26
552;10.161.0.26
553;10.53.0.26
554;10.54.0.26
555;10.122.0.26
556;10.121.0.26
557;10.57.0.26
558;10.43.0.26
560;10.114.62.26
561;10.42.0.26
562;10.41.0.26
563;10.46.0.26
567;10.250.5.26
568;10.68.0.26
569;10.69.0.26
570;10.162.0.26
573;10.65.0.26
575;10.45.0.26
576;10.66.0.26
577;10.55.0.26
579;10.147.0.26
580;10.85.0.26
581;10.114.18.26
582;10.114.39.26
585;11.86.0.26
586;11.85.0.26
587;11.87.0.26
588;10.58.0.26
589;10.67.0.26
590;10.114.56.26
591;10.114.65.26
592;10.114.131.26
593;10.114.113.26
594;10.114.114.26
595;10.114.115.26
596;10.114.148.26
598;10.114.140.26
609;10.97.0.26
610;10.94.0.26
613;10.114.46.26
616;10.99.0.26
702;10.114.125.26
704;10.39.0.26
752;10.106.0.26
754;10.114.124.26
760;10.114.42.26
790;10.217.0.26
794;10.113.0.26
892;10.196.0.26
893;10.48.0.26
895;10.197.0.26
