53;10.70.0.25
4;10.114.170.25
5;10.114.172.25
6;10.6.0.25
7;10.114.151.25
8;10.145.0.25
9;10.114.105.25
14;10.114.99.25
16;10.114.100.25
17;10.114.101.25
18;10.200.0.25
19;10.130.0.25
20;10.114.48.25
21;10.114.85.25
22;10.83.0.25
23;10.114.80.25
24;10.114.149.25
25;10.77.0.25
26;10.34.0.25
27;10.73.0.25
28;10.133.0.25
29;10.114.150.25
30;10.199.0.25
31;10.193.0.25
32;10.47.0.25
36;10.132.0.25
38;10.114.45.25
40;10.114.90.25
42;10.114.84.25
43;10.114.107.25
45;10.143.0.25
46;10.13.0.25
47;10.75.0.25
48;10.74.0.25
49;10.76.0.25
51;10.19.0.25
52;10.71.0.25
60;10.17.0.25
61;10.114.104.25
63;10.93.0.25
68;10.96.0.25
72;10.90.0.25
73;10.170.0.25
76;10.95.0.25
78;10.218.0.25
82;10.92.0.25
84;10.108.0.25
93;11.109.0.25
98;11.110.0.25
101;10.114.44.25
102;10.114.83.25
103;10.114.86.25
104;10.114.97.25
105;10.114.103.25
106;10.114.163.25
107;10.114.175.25
108;10.114.3.25
109;10.114.1.25
110;10.114.5.25
112;10.114.7.25
113;10.114.9.25
114;10.114.11.25
115;10.114.13.25
116;10.114.17.25
117;10.114.15.25
118;10.114.147.25
119;10.114.161.25
120;10.101.0.25
121;10.38.0.25
122;10.100.0.25
130;10.104.0.25
131;10.102.0.25
132;10.114.43.25
133;10.114.51.25
134;10.114.74.25
135;10.114.133.25
136;10.103.0.25
137;10.52.0.25
138;10.84.0.25
139;10.114.156.25
140;10.105.0.25
201;10.141.0.25
202;10.114.127.25
203;10.114.126.25
204;10.114.143.25
205;10.114.146.25
206;10.215.0.25
207;10.30.0.25
208;10.33.0.25
209;10.144.0.25
210;10.87.0.25
211;10.114.73.25
212;10.114.82.25
214;10.114.102.25
215;10.114.129.25
216;10.114.130.25
251;10.114.159.25
252;10.114.174.25
253;10.151.0.25
254;10.49.0.25
255;11.23.0.25
256;10.114.53.25
257;10.114.92.25
301;10.114.91.25
302;10.114.110.25
303;10.114.158.25
304;10.114.157.25
305;10.114.165.25
306;10.114.166.25
307;10.114.167.25
308;10.114.168.25
309;10.114.162.25
310;10.114.169.25
311;10.114.152.25
312;11.40.0.25
321;11.41.0.25
322;11.42.0.25
323;10.114.50.25
324;11.44.0.25
325;10.114.49.25
326;10.114.54.25
328;10.114.89.25
329;10.114.94.25
330;10.114.95.25
333;10.111.0.25
334;10.80.0.25
335;10.79.0.25
336;10.114.26.25
337;10.125.0.25
338;10.60.0.25
339;10.114.64.25
340;10.112.0.25
341;10.59.0.25
342;10.32.0.25
343;10.61.0.25
344;10.114.122.25
345;10.148.0.25
346;10.114.93.25
347;10.114.98.25
348;10.114.109.25
349;10.114.119.25
350;10.114.160.25
351;10.114.171.25
352;10.35.0.25
353;10.114.38.25
354;10.114.47.25
355;10.114.108.25
356;10.114.128.25
357;10.114.116.25
358;10.114.117.25
359;10.114.118.25
361;10.114.176.25
362;10.23.0.25
364;10.98.0.25
365;10.114.144.25
366;10.114.145.25
367;10.114.154.25
368;10.114.155.25
369;10.171.0.25
370;10.28.0.25
380;10.172.0.25
381;10.29.0.25
382;10.252.0.25
383;10.173.0.25
384;10.174.0.25
385;10.175.0.25
386;10.176.0.25
387;10.31.0.25
388;10.37.0.25
390;10.36.0.25
391;10.192.0.25
393;10.177.0.25
394;10.25.0.25
395;10.22.0.25
396;10.178.0.25
397;10.26.0.25
398;10.27.0.25
401;10.179.0.25
402;10.152.0.25
403;10.180.0.25
404;10.181.0.25
405;10.182.0.25
406;10.183.0.25
407;10.184.0.25
408;10.185.0.25
409;10.186.0.25
410;10.188.0.25
411;10.190.0.25
412;10.89.0.25
413;10.114.142.25
414;10.142.0.25
415;11.36.0.25
416;11.37.0.26
417;11.38.0.25
418;10.240.0.25
419;10.114.137.25
420;10.114.135.25
421;10.123.0.25
423;10.119.1.25
424;10.114.136.25
425;10.114.79.25
426;10.114.72.25
427;10.114.66.25
428;10.114.69.25
429;10.114.70.25
431;10.114.67.25
432;10.114.68.25
433;10.114.78.25
434;10.114.63.25
435;10.114.81.25
436;10.114.55.25
437;10.114.59.25
438;10.114.76.25
439;10.115.0.25
440;10.114.138.25
443;10.107.0.25
446;10.114.75.25
448;10.114.134.25
449;10.114.77.25
451;10.118.0.25
453;10.124.0.25
454;10.114.96.25
455;10.216.0.25
456;10.8.0.25
457;10.134.0.25
458;10.201.0.25
460;10.203.0.25
470;10.114.41.25
472;10.18.0.25
473;10.20.0.25
474;10.114.153.25
475;10.114.164.25
477;10.114.141.25
479;10.81.0.25
480;10.160.0.25
482;10.161.0.25
485;10.53.0.25
494;10.54.0.25
497;10.122.0.25
499;10.121.0.25
503;10.57.0.25
510;10.43.0.25
514;10.114.62.25
515;10.42.0.25
516;10.41.0.25
526;10.46.0.25
528;10.250.5.25
544;10.68.0.25
547;10.69.0.25
548;10.162.0.25
549;10.65.0.25
550;10.45.0.25
551;10.66.0.25
552;10.55.0.25
553;10.147.0.25
554;10.85.0.25
555;10.114.18.25
556;10.114.39.25
557;11.86.0.25
558;11.85.0.25
560;11.87.0.25
561;10.58.0.25
562;10.67.0.25
563;10.114.56.25
567;10.114.65.25
568;10.114.131.25
569;10.114.113.25
570;10.114.114.25
573;10.114.115.25
575;10.114.148.25
576;10.114.140.25
577;10.97.0.25
579;10.94.0.25
580;10.114.46.25
581;10.99.0.25
582;10.114.125.25
585;10.39.0.25
586;10.106.0.25
587;10.114.124.25
588;10.114.42.25
589;10.217.0.25
590;10.113.0.25
591;10.196.0.25
592;10.48.0.25
593;10.197.0.25
594;
595;
596;
598;
609;
610;
613;
616;
702;
704;
752;
754;
760;
790;
794;
892;
893;
895;
